<?xml version="1.0" encoding="utf-8"?>
<PRONOM-Report xmlns="http://pronom.nationalarchives.gov.uk">
  <report_format_detail>
    <FileFormat>
      <FormatID>783</FormatID>
      <FormatName>OpenDocument Database Format</FormatName>
      <FormatVersion>1.0</FormatVersion>
      <FormatAliases>ODF Database (1.0)</FormatAliases>
      <FormatFamilies>
      </FormatFamilies>
      <FormatTypes>Database</FormatTypes>
      <FormatDisclosure>Full</FormatDisclosure>
      <FormatDescription>OpenDocument (ODF) format is a generic format for office documents, such as text, spreadsheets, presentations, drawings, and databases. It was developed by OASIS, based on the original OpenOffice document format. The format is an open standard, and is supported by a variety of office software packages. ODF is an XML format, which may comprise a single XML document, or a collection of subdocuments within a package. The package format is the commonly used form, and comprises a standard ZIP package containing the XML content and any associated binary data, together with a manifest which lists the package content. An ODF database document contains a relational database. The content is contained in a 'content' xml subdocument. Additional subdocuments contain style information, document metadata, and application-specific settings.</FormatDescription>
      <BinaryFileFormat>Binary</BinaryFileFormat>
      <ByteOrders>Little-endian (Intel)</ByteOrders>
      <ReleaseDate>01 May 2005</ReleaseDate>
      <WithdrawnDate>
      </WithdrawnDate>
      <ProvenanceSourceID>1</ProvenanceSourceID>
      <ProvenanceName>Digital Preservation Department / The National Archives</ProvenanceName>
      <ProvenanceSourceDate>22 Aug 2006</ProvenanceSourceDate>
      <ProvenanceDescription>
      </ProvenanceDescription>
      <LastUpdatedDate>22 Aug 2006</LastUpdatedDate>
      <FormatNote>
      </FormatNote>
      <FormatRisk>
      </FormatRisk>
      <TechnicalEnvironment>
      </TechnicalEnvironment>
      <FileFormatIdentifier>
        <Identifier>fmt/140</Identifier>
        <IdentifierType>PUID</IdentifierType>
      </FileFormatIdentifier>
      <Developers>
        <DeveloperID>127</DeveloperID>
        <DeveloperName>
        </DeveloperName>
        <OrganisationName>OASIS</OrganisationName>
        <DeveloperCompoundName>OASIS</DeveloperCompoundName>
      </Developers>
      <ExternalSignature>
        <ExternalSignatureID>786</ExternalSignatureID>
        <Signature>odb</Signature>
        <SignatureType>File extension</SignatureType>
      </ExternalSignature>
      <InternalSignature>
        <SignatureID>207</SignatureID>
        <SignatureName>ODF 1.0 database</SignatureName>
        <SignatureNote>ZIP header + MIME-type declaration + version number</SignatureNote>
        <ByteSequence>
          <ByteSequenceID>265</ByteSequenceID>
          <PositionType>Absolute from BOF</PositionType>
          <Offset>0</Offset>
          <MaxOffset>
          </MaxOffset>
          <IndirectOffsetLocation>
          </IndirectOffsetLocation>
          <IndirectOffsetLength>
          </IndirectOffsetLength>
          <Endianness>Little-endian</Endianness>
          <ByteSequenceValue>504B0304{26}6D696D65747970656170706C69636174696F6E2F766E642E73756E2E786D6C2E62617365*6F66666963653A76657273696F6E3D22312E30</ByteSequenceValue>
        </ByteSequence>
      </InternalSignature>
      <RelatedFormat>
        <RelationshipType>Has priority over</RelationshipType>
        <RelatedFormatID>382</RelatedFormatID>
        <RelatedFormatName>ZIP Format</RelatedFormatName>
        <RelatedFormatVersion>
        </RelatedFormatVersion>
      </RelatedFormat>
      <RelatedFormat>
        <RelationshipType>Has priority over</RelationshipType>
        <RelatedFormatID>777</RelatedFormatID>
        <RelatedFormatName>Java Archive Format</RelatedFormatName>
        <RelatedFormatVersion>
        </RelatedFormatVersion>
      </RelatedFormat>
      <RelatedFormat>
        <RelationshipType>Has priority over</RelationshipType>
        <RelatedFormatID>778</RelatedFormatID>
        <RelatedFormatName>OpenDocument Format</RelatedFormatName>
        <RelatedFormatVersion>1.0</RelatedFormatVersion>
      </RelatedFormat>
      <RelatedFormat>
        <RelationshipType>Is subtype of</RelationshipType>
        <RelatedFormatID>778</RelatedFormatID>
        <RelatedFormatName>OpenDocument Format</RelatedFormatName>
        <RelatedFormatVersion>1.0</RelatedFormatVersion>
      </RelatedFormat>
    </FileFormat>
    <SearchCriteria>Criteria</SearchCriteria>
  </report_format_detail>
</PRONOM-Report>
