<?xml version="1.0" encoding="utf-8"?>
<PRONOM-Report xmlns="http://pronom.nationalarchives.gov.uk">
  <report_format_detail>
    <FileFormat>
      <FormatID>791</FormatID>
      <FormatName>Acrobat PDF/X - Portable Document Format - Exchange 3:2003</FormatName>
      <FormatVersion>
      </FormatVersion>
      <FormatAliases>PDF/X-3:2003</FormatAliases>
      <FormatFamilies>
      </FormatFamilies>
      <FormatTypes>
      </FormatTypes>
      <FormatDisclosure>
      </FormatDisclosure>
      <FormatDescription>This 'exchange standard' format is based on Adobe's PDF 1.4 (2003) specification and includes additional notes specifically for delivery of high quality colour advertisements. A subset of the PDF specification, and an application standard as well as a file format standard, it is considered a  'more reliable' PDF file. There are several versions of the standard, to address specific issues.</FormatDescription>
      <BinaryFileFormat>Text</BinaryFileFormat>
      <ByteOrders>
      </ByteOrders>
      <ReleaseDate>
      </ReleaseDate>
      <WithdrawnDate>
      </WithdrawnDate>
      <ProvenanceSourceID>1</ProvenanceSourceID>
      <ProvenanceName>Digital Preservation Department / The National Archives</ProvenanceName>
      <ProvenanceSourceDate>01 Feb 2007</ProvenanceSourceDate>
      <ProvenanceDescription>
      </ProvenanceDescription>
      <LastUpdatedDate>22 Oct 2009</LastUpdatedDate>
      <FormatNote>
      </FormatNote>
      <FormatRisk>
      </FormatRisk>
      <TechnicalEnvironment>
      </TechnicalEnvironment>
      <FileFormatIdentifier>
        <Identifier>application/pdf</Identifier>
        <IdentifierType>MIME</IdentifierType>
      </FileFormatIdentifier>
      <FileFormatIdentifier>
        <Identifier>fmt/148</Identifier>
        <IdentifierType>PUID</IdentifierType>
      </FileFormatIdentifier>
      <ExternalSignature>
        <ExternalSignatureID>797</ExternalSignatureID>
        <Signature>pdf</Signature>
        <SignatureType>File extension</SignatureType>
      </ExternalSignature>
      <RelatedFormat>
        <RelationshipType>Is subsequent version of</RelationshipType>
        <RelatedFormatID>819</RelatedFormatID>
        <RelatedFormatName>Acrobat PDF/X - Portable Document Format - Exchange 3:2002</RelatedFormatName>
        <RelatedFormatVersion>
        </RelatedFormatVersion>
      </RelatedFormat>
      <RelatedFormat>
        <RelationshipType>Is subtype of</RelationshipType>
        <RelatedFormatID>617</RelatedFormatID>
        <RelatedFormatName>Acrobat PDF 1.4 - Portable Document Format</RelatedFormatName>
        <RelatedFormatVersion>1.4</RelatedFormatVersion>
      </RelatedFormat>
    </FileFormat>
    <SearchCriteria>Criteria</SearchCriteria>
  </report_format_detail>
</PRONOM-Report>
