<?xml version="1.0" encoding="utf-8"?>
<PRONOM-Report xmlns="http://pronom.nationalarchives.gov.uk">
  <report_format_detail>
    <FileFormat>
      <FormatID>794</FormatID>
      <FormatName>JPX (JPEG 2000 Extended)</FormatName>
      <FormatVersion>
      </FormatVersion>
      <FormatAliases>JPF</FormatAliases>
      <FormatFamilies>
      </FormatFamilies>
      <FormatTypes>
      </FormatTypes>
      <FormatDisclosure>
      </FormatDisclosure>
      <FormatDescription>JPEG 2000 Extended File Format is an optional, lossless, extension of the JP2 format, the main file format for the JPEG 2000 international standard for image coding, created by the Joint Photographic Experts Group in 2000 for the compression of photographic images for storage or transmission. The standard specifies how an image and its metadata is transformed into byte stream data. This format is widely used for storing and transmitting photos and other compressed image data online. Although it is based on JP2 it can support multiple layers, animation and other features, and is a lossless image compression file. Like JP2 the format is made up of a contiguous sequence of boxes, beginning with a signature box and a file type box, which provides version and file type information.</FormatDescription>
      <BinaryFileFormat>Text</BinaryFileFormat>
      <ByteOrders>Big-endian (Motorola)</ByteOrders>
      <ReleaseDate>
      </ReleaseDate>
      <WithdrawnDate>
      </WithdrawnDate>
      <ProvenanceSourceID>1</ProvenanceSourceID>
      <ProvenanceName>Digital Preservation Department / The National Archives</ProvenanceName>
      <ProvenanceSourceDate>02 Feb 2007</ProvenanceSourceDate>
      <ProvenanceDescription>
      </ProvenanceDescription>
      <LastUpdatedDate>02 Feb 2007</LastUpdatedDate>
      <FormatNote>
      </FormatNote>
      <FormatRisk>
      </FormatRisk>
      <TechnicalEnvironment>
      </TechnicalEnvironment>
      <FileFormatIdentifier>
        <Identifier>fmt/151</Identifier>
        <IdentifierType>PUID</IdentifierType>
      </FileFormatIdentifier>
      <ExternalSignature>
        <ExternalSignatureID>801</ExternalSignatureID>
        <Signature>jpx</Signature>
        <SignatureType>File extension</SignatureType>
      </ExternalSignature>
      <ExternalSignature>
        <ExternalSignatureID>802</ExternalSignatureID>
        <Signature>.jpf</Signature>
        <SignatureType>File extension</SignatureType>
      </ExternalSignature>
    </FileFormat>
    <SearchCriteria>Criteria</SearchCriteria>
  </report_format_detail>
</PRONOM-Report>
