<?xml version="1.0" encoding="utf-8"?>
<PRONOM-Report xmlns="http://pronom.nationalarchives.gov.uk">
  <report_format_detail>
    <FileFormat>
      <FormatID>1016</FormatID>
      <FormatName>Acrobat PDF 1.7 - Portable Document Format</FormatName>
      <FormatVersion>1.7</FormatVersion>
      <FormatAliases>
      </FormatAliases>
      <FormatFamilies>
      </FormatFamilies>
      <FormatTypes>
      </FormatTypes>
      <FormatDisclosure>
      </FormatDisclosure>
      <FormatDescription>Portable Document Format is a platform-independent format for representing formatted documents, developed by Adobe Systems Incorporated. It is the native format of Adobe’s Acrobat family of software products, version 1.7 corresponding to the release of Acrobat 8.0 and 9.0.  PDF is based on, and shares the same imaging model as, the PostScript page description language.  A PDF file comprises a Header section, a Body section containing the objects which make up the document, a Cross Reference Table, and a Trailer section.  PDF files can contain a wide variety of content, including text, images, video and audio.</FormatDescription>
      <BinaryFileFormat>
      </BinaryFileFormat>
      <ByteOrders>
      </ByteOrders>
      <ReleaseDate>
      </ReleaseDate>
      <WithdrawnDate>
      </WithdrawnDate>
      <ProvenanceSourceID>1</ProvenanceSourceID>
      <ProvenanceName>Digital Preservation Department / The National Archives</ProvenanceName>
      <ProvenanceSourceDate>19 Jul 2010</ProvenanceSourceDate>
      <ProvenanceDescription>DROID 5.0 research.</ProvenanceDescription>
      <LastUpdatedDate>19 Jul 2010</LastUpdatedDate>
      <FormatNote>
      </FormatNote>
      <FormatRisk>
      </FormatRisk>
      <TechnicalEnvironment>
      </TechnicalEnvironment>
      <FileFormatIdentifier>
        <Identifier>fmt/276</Identifier>
        <IdentifierType>PUID</IdentifierType>
      </FileFormatIdentifier>
      <ExternalSignature>
        <ExternalSignatureID>998</ExternalSignatureID>
        <Signature>pdf</Signature>
        <SignatureType>File extension</SignatureType>
      </ExternalSignature>
      <InternalSignature>
        <SignatureID>289</SignatureID>
        <SignatureName>PDF 1.7</SignatureName>
        <SignatureNote>Header and footer.</SignatureNote>
        <ByteSequence>
          <ByteSequenceID>385</ByteSequenceID>
          <PositionType>Absolute from BOF</PositionType>
          <Offset>0</Offset>
          <MaxOffset>
          </MaxOffset>
          <IndirectOffsetLocation>
          </IndirectOffsetLocation>
          <IndirectOffsetLength>
          </IndirectOffsetLength>
          <Endianness>
          </Endianness>
          <ByteSequenceValue>255044462D312E37</ByteSequenceValue>
        </ByteSequence>
        <ByteSequence>
          <ByteSequenceID>386</ByteSequenceID>
          <PositionType>Absolute from EOF</PositionType>
          <Offset>0</Offset>
          <MaxOffset>
          </MaxOffset>
          <IndirectOffsetLocation>
          </IndirectOffsetLocation>
          <IndirectOffsetLength>
          </IndirectOffsetLength>
          <Endianness>
          </Endianness>
          <ByteSequenceValue>2525454F46(0A|0D|0D0A)</ByteSequenceValue>
        </ByteSequence>
      </InternalSignature>
    </FileFormat>
    <SearchCriteria>Criteria</SearchCriteria>
  </report_format_detail>
</PRONOM-Report>
